model,example,source_setup,p,n0,N,T,replicate,selected_sources,num_selected_sources
linear,exm1,exm1_6source_shift,5,250,5000,500,1,"m1s1,m2s2",2
linear,exm1,exm1_6source_shift,5,250,5000,500,2,m2s2,1
linear,exm1,exm1_6source_shift,5,250,5000,500,3,"m1s1,m2s2",2
linear,exm1,exm1_6source_shift,5,250,5000,500,4,m1s1,1
linear,exm1,exm1_6source_shift,5,250,5000,500,5,m1s1,1
linear,exm1,exm1_6source_shift,5,250,5000,500,6,"m1s1,m2s2",2
linear,exm1,exm1_6source_shift,5,250,5000,500,7,m2s2,1
linear,exm1,exm1_6source_shift,5,250,5000,500,8,"m1s1,m2s2,m3s3",3
linear,exm1,exm1_6source_shift,5,250,5000,500,9,"m1s1,m2s2",2
linear,exm1,exm1_6source_shift,5,250,5000,500,10,m2s2,1
linear,exm1,exm1_6source_shift,5,250,5000,500,11,"m1s1,m2s2",2
linear,exm1,exm1_6source_shift,5,250,5000,500,12,"m1s1,m2s2",2
linear,exm1,exm1_6source_shift,5,250,5000,500,13,m2s2,1
linear,exm1,exm1_6source_shift,5,250,5000,500,14,"m1s1,m2s2",2
linear,exm1,exm1_6source_shift,5,250,5000,500,15,"m1s1,m2s2",2
linear,exm1,exm1_6source_shift,5,250,5000,500,16,m2s2,1
linear,exm1,exm1_6source_shift,5,250,5000,500,17,m1s1,1
linear,exm1,exm1_6source_shift,5,250,5000,500,18,m2s2,1
linear,exm1,exm1_6source_shift,5,250,5000,500,19,"m1s1,m2s2",2
linear,exm1,exm1_6source_shift,5,250,5000,500,20,"m1s1,m2s2",2
linear,exm1,exm1_6source_shift,5,250,5000,500,21,"m1s1,m2s2",2
linear,exm1,exm1_6source_shift,5,250,5000,500,22,m1s1,1
linear,exm1,exm1_6source_shift,5,250,5000,500,23,"m1s1,m2s2",2
linear,exm1,exm1_6source_shift,5,250,5000,500,24,"m1s1,m2s2",2
linear,exm1,exm1_6source_shift,5,250,5000,500,25,m2s2,1
linear,exm1,exm1_6source_shift,5,250,5000,500,26,"m1s1,m2s2",2
linear,exm1,exm1_6source_shift,5,250,5000,500,27,"m1s1,m2s2",2
linear,exm1,exm1_6source_shift,5,250,5000,500,28,m2s2,1
linear,exm1,exm1_6source_shift,5,250,5000,500,29,"m1s1,m2s2",2
linear,exm1,exm1_6source_shift,5,250,5000,500,30,m2s2,1
linear,exm1,exm1_6source_shift,5,250,5000,500,31,m1s1,1
linear,exm1,exm1_6source_shift,5,250,5000,500,32,"m1s1,m2s2",2
linear,exm1,exm1_6source_shift,5,250,5000,500,33,"m1s1,m2s2",2
linear,exm1,exm1_6source_shift,5,250,5000,500,34,"m1s1,m2s2",2
linear,exm1,exm1_6source_shift,5,250,5000,500,35,"m1s1,m2s2",2
linear,exm1,exm1_6source_shift,5,250,5000,500,36,"m1s1,m2s2",2
linear,exm1,exm1_6source_shift,5,250,5000,500,37,"m1s1,m2s2,m3s3,m4s4",4
linear,exm1,exm1_6source_shift,5,250,5000,500,38,"m1s1,m2s2",2
linear,exm1,exm1_6source_shift,5,250,5000,500,39,"m1s1,m2s2",2
linear,exm1,exm1_6source_shift,5,250,5000,500,40,m1s1,1
linear,exm1,exm1_6source_shift,5,250,5000,500,41,m2s2,1
linear,exm1,exm1_6source_shift,5,250,5000,500,42,m2s2,1
linear,exm1,exm1_6source_shift,5,250,5000,500,43,"m1s1,m2s2",2
linear,exm1,exm1_6source_shift,5,250,5000,500,44,"m1s1,m2s2",2
linear,exm1,exm1_6source_shift,5,250,5000,500,45,m2s2,1
linear,exm1,exm1_6source_shift,5,250,5000,500,46,m2s2,1
linear,exm1,exm1_6source_shift,5,250,5000,500,47,"m1s1,m2s2",2
linear,exm1,exm1_6source_shift,5,250,5000,500,48,"m1s1,m2s2",2
linear,exm1,exm1_6source_shift,5,250,5000,500,49,m2s2,1
linear,exm1,exm1_6source_shift,5,250,5000,500,50,"m1s1,m2s2",2
linear,exm1,exm1_6source_shift,5,250,5000,500,51,m2s2,1
linear,exm1,exm1_6source_shift,5,250,5000,500,52,"m1s1,m2s2",2
linear,exm1,exm1_6source_shift,5,250,5000,500,53,m2s2,1
linear,exm1,exm1_6source_shift,5,250,5000,500,54,"m1s1,m2s2",2
linear,exm1,exm1_6source_shift,5,250,5000,500,55,m1s1,1
linear,exm1,exm1_6source_shift,5,250,5000,500,56,"m1s1,m2s2",2
linear,exm1,exm1_6source_shift,5,250,5000,500,57,"m1s1,m2s2",2
linear,exm1,exm1_6source_shift,5,250,5000,500,58,"m1s1,m2s2",2
linear,exm1,exm1_6source_shift,5,250,5000,500,59,"m1s1,m2s2",2
linear,exm1,exm1_6source_shift,5,250,5000,500,60,"m1s1,m2s2",2
linear,exm1,exm1_6source_shift,5,250,5000,500,61,"m1s1,m2s2",2
linear,exm1,exm1_6source_shift,5,250,5000,500,62,"m1s1,m2s2",2
linear,exm1,exm1_6source_shift,5,250,5000,500,63,"m1s1,m2s2",2
linear,exm1,exm1_6source_shift,5,250,5000,500,64,"m1s1,m2s2",2
linear,exm1,exm1_6source_shift,5,250,5000,500,65,m1s1,1
linear,exm1,exm1_6source_shift,5,250,5000,500,66,m2s2,1
linear,exm1,exm1_6source_shift,5,250,5000,500,67,m2s2,1
linear,exm1,exm1_6source_shift,5,250,5000,500,68,"m1s1,m2s2",2
linear,exm1,exm1_6source_shift,5,250,5000,500,69,m1s1,1
linear,exm1,exm1_6source_shift,5,250,5000,500,70,"m1s1,m2s2",2
linear,exm1,exm1_6source_shift,5,250,5000,500,71,"m1s1,m2s2",2
linear,exm1,exm1_6source_shift,5,250,5000,500,72,"m1s1,m2s2",2
linear,exm1,exm1_6source_shift,5,250,5000,500,73,"m1s1,m2s2",2
linear,exm1,exm1_6source_shift,5,250,5000,500,74,"m1s1,m2s2,m3s3,m4s4",4
linear,exm1,exm1_6source_shift,5,250,5000,500,75,"m1s1,m2s2",2
linear,exm1,exm1_6source_shift,5,250,5000,500,76,m2s2,1
linear,exm1,exm1_6source_shift,5,250,5000,500,77,"m1s1,m2s2,m3s3,m4s4",4
linear,exm1,exm1_6source_shift,5,250,5000,500,78,"m1s1,m2s2",2
linear,exm1,exm1_6source_shift,5,250,5000,500,79,"m1s1,m2s2,m3s3,m4s4",4
linear,exm1,exm1_6source_shift,5,250,5000,500,80,"m1s1,m2s2",2
linear,exm1,exm1_6source_shift,5,250,5000,500,81,"m1s1,m2s2",2
linear,exm1,exm1_6source_shift,5,250,5000,500,82,"m1s1,m2s2",2
linear,exm1,exm1_6source_shift,5,250,5000,500,83,"m1s1,m2s2",2
linear,exm1,exm1_6source_shift,5,250,5000,500,84,m1s1,1
linear,exm1,exm1_6source_shift,5,250,5000,500,85,m1s1,1
linear,exm1,exm1_6source_shift,5,250,5000,500,86,"m1s1,m2s2",2
linear,exm1,exm1_6source_shift,5,250,5000,500,87,"m1s1,m2s2",2
linear,exm1,exm1_6source_shift,5,250,5000,500,88,m1s1,1
linear,exm1,exm1_6source_shift,5,250,5000,500,89,m1s1,1
linear,exm1,exm1_6source_shift,5,250,5000,500,90,,0
linear,exm1,exm1_6source_shift,5,250,5000,500,91,"m1s1,m2s2,m3s3,m4s4",4
linear,exm1,exm1_6source_shift,5,250,5000,500,92,"m1s1,m2s2",2
linear,exm1,exm1_6source_shift,5,250,5000,500,93,"m1s1,m2s2",2
linear,exm1,exm1_6source_shift,5,250,5000,500,94,"m1s1,m2s2",2
linear,exm1,exm1_6source_shift,5,250,5000,500,95,"m1s1,m2s2",2
linear,exm1,exm1_6source_shift,5,250,5000,500,96,"m1s1,m2s2,m3s3,m4s4",4
linear,exm1,exm1_6source_shift,5,250,5000,500,97,"m1s1,m2s2",2
linear,exm1,exm1_6source_shift,5,250,5000,500,98,m2s2,1
linear,exm1,exm1_6source_shift,5,250,5000,500,99,"m1s1,m2s2",2
linear,exm1,exm1_6source_shift,5,250,5000,500,100,m2s2,1
linear,exm1,exm1_6source_shift,5,250,5000,500,101,m1s1,1
linear,exm1,exm1_6source_shift,5,250,5000,500,102,"m1s1,m2s2",2
linear,exm1,exm1_6source_shift,5,250,5000,500,103,"m1s1,m2s2",2
linear,exm1,exm1_6source_shift,5,250,5000,500,104,"m1s1,m2s2",2
linear,exm1,exm1_6source_shift,5,250,5000,500,105,m2s2,1
linear,exm1,exm1_6source_shift,5,250,5000,500,106,"m1s1,m2s2,m3s3,m4s4",4
linear,exm1,exm1_6source_shift,5,250,5000,500,107,m1s1,1
linear,exm1,exm1_6source_shift,5,250,5000,500,108,"m1s1,m2s2",2
linear,exm1,exm1_6source_shift,5,250,5000,500,109,m2s2,1
linear,exm1,exm1_6source_shift,5,250,5000,500,110,"m1s1,m2s2",2
linear,exm1,exm1_6source_shift,5,250,5000,500,111,"m1s1,m2s2",2
linear,exm1,exm1_6source_shift,5,250,5000,500,112,"m1s1,m2s2",2
linear,exm1,exm1_6source_shift,5,250,5000,500,113,"m1s1,m2s2",2
linear,exm1,exm1_6source_shift,5,250,5000,500,114,"m1s1,m2s2",2
linear,exm1,exm1_6source_shift,5,250,5000,500,115,"m1s1,m2s2",2
linear,exm1,exm1_6source_shift,5,250,5000,500,116,"m1s1,m2s2",2
linear,exm1,exm1_6source_shift,5,250,5000,500,117,m1s1,1
linear,exm1,exm1_6source_shift,5,250,5000,500,118,"m1s1,m2s2",2
linear,exm1,exm1_6source_shift,5,250,5000,500,119,"m1s1,m2s2",2
linear,exm1,exm1_6source_shift,5,250,5000,500,120,"m1s1,m2s2",2
linear,exm1,exm1_6source_shift,5,250,5000,500,121,m2s2,1
linear,exm1,exm1_6source_shift,5,250,5000,500,122,m1s1,1
linear,exm1,exm1_6source_shift,5,250,5000,500,123,"m1s1,m2s2,m3s3",3
linear,exm1,exm1_6source_shift,5,250,5000,500,124,m1s1,1
linear,exm1,exm1_6source_shift,5,250,5000,500,125,m1s1,1
linear,exm1,exm1_6source_shift,5,250,5000,500,126,"m1s1,m2s2",2
linear,exm1,exm1_6source_shift,5,250,5000,500,127,m1s1,1
linear,exm1,exm1_6source_shift,5,250,5000,500,128,m1s1,1
linear,exm1,exm1_6source_shift,5,250,5000,500,129,"m1s1,m2s2",2
linear,exm1,exm1_6source_shift,5,250,5000,500,130,"m1s1,m2s2",2
linear,exm1,exm1_6source_shift,5,250,5000,500,131,"m1s1,m2s2",2
linear,exm1,exm1_6source_shift,5,250,5000,500,132,"m1s1,m2s2",2
linear,exm1,exm1_6source_shift,5,250,5000,500,133,"m1s1,m2s2",2
linear,exm1,exm1_6source_shift,5,250,5000,500,134,m1s1,1
linear,exm1,exm1_6source_shift,5,250,5000,500,135,m2s2,1
linear,exm1,exm1_6source_shift,5,250,5000,500,136,"m1s1,m2s2",2
linear,exm1,exm1_6source_shift,5,250,5000,500,137,m1s1,1
linear,exm1,exm1_6source_shift,5,250,5000,500,138,m2s2,1
linear,exm1,exm1_6source_shift,5,250,5000,500,139,m1s1,1
linear,exm1,exm1_6source_shift,5,250,5000,500,140,"m1s1,m2s2",2
linear,exm1,exm1_6source_shift,5,250,5000,500,141,m2s2,1
linear,exm1,exm1_6source_shift,5,250,5000,500,142,"m1s1,m2s2",2
linear,exm1,exm1_6source_shift,5,250,5000,500,143,"m1s1,m2s2",2
linear,exm1,exm1_6source_shift,5,250,5000,500,144,m1s1,1
linear,exm1,exm1_6source_shift,5,250,5000,500,145,"m1s1,m2s2",2
linear,exm1,exm1_6source_shift,5,250,5000,500,146,"m1s1,m2s2",2
linear,exm1,exm1_6source_shift,5,250,5000,500,147,"m1s1,m2s2",2
linear,exm1,exm1_6source_shift,5,250,5000,500,148,m2s2,1
linear,exm1,exm1_6source_shift,5,250,5000,500,149,"m1s1,m2s2",2
linear,exm1,exm1_6source_shift,5,250,5000,500,150,"m1s1,m2s2",2
linear,exm1,exm1_6source_shift,5,250,5000,500,151,m1s1,1
linear,exm1,exm1_6source_shift,5,250,5000,500,152,"m1s1,m2s2",2
linear,exm1,exm1_6source_shift,5,250,5000,500,153,m2s2,1
linear,exm1,exm1_6source_shift,5,250,5000,500,154,m1s1,1
linear,exm1,exm1_6source_shift,5,250,5000,500,155,m2s2,1
linear,exm1,exm1_6source_shift,5,250,5000,500,156,"m1s1,m2s2",2
linear,exm1,exm1_6source_shift,5,250,5000,500,157,,0
linear,exm1,exm1_6source_shift,5,250,5000,500,158,m1s1,1
linear,exm1,exm1_6source_shift,5,250,5000,500,159,m2s2,1
linear,exm1,exm1_6source_shift,5,250,5000,500,160,"m1s1,m2s2",2
linear,exm1,exm1_6source_shift,5,250,5000,500,161,m1s1,1
linear,exm1,exm1_6source_shift,5,250,5000,500,162,m1s1,1
linear,exm1,exm1_6source_shift,5,250,5000,500,163,m1s1,1
linear,exm1,exm1_6source_shift,5,250,5000,500,164,"m1s1,m2s2",2
linear,exm1,exm1_6source_shift,5,250,5000,500,165,"m1s1,m2s2",2
linear,exm1,exm1_6source_shift,5,250,5000,500,166,"m1s1,m2s2",2
linear,exm1,exm1_6source_shift,5,250,5000,500,167,"m1s1,m2s2",2
linear,exm1,exm1_6source_shift,5,250,5000,500,168,"m1s1,m2s2",2
linear,exm1,exm1_6source_shift,5,250,5000,500,169,m1s1,1
linear,exm1,exm1_6source_shift,5,250,5000,500,170,m1s1,1
linear,exm1,exm1_6source_shift,5,250,5000,500,171,"m1s1,m2s2,m3s3,m4s4",4
linear,exm1,exm1_6source_shift,5,250,5000,500,172,m2s2,1
linear,exm1,exm1_6source_shift,5,250,5000,500,173,"m1s1,m2s2",2
linear,exm1,exm1_6source_shift,5,250,5000,500,174,"m1s1,m2s2",2
linear,exm1,exm1_6source_shift,5,250,5000,500,175,"m1s1,m2s2",2
linear,exm1,exm1_6source_shift,5,250,5000,500,176,m2s2,1
linear,exm1,exm1_6source_shift,5,250,5000,500,177,m1s1,1
linear,exm1,exm1_6source_shift,5,250,5000,500,178,"m1s1,m2s2",2
linear,exm1,exm1_6source_shift,5,250,5000,500,179,"m1s1,m2s2",2
linear,exm1,exm1_6source_shift,5,250,5000,500,180,"m1s1,m2s2",2
linear,exm1,exm1_6source_shift,5,250,5000,500,181,m1s1,1
linear,exm1,exm1_6source_shift,5,250,5000,500,182,m1s1,1
linear,exm1,exm1_6source_shift,5,250,5000,500,183,m1s1,1
linear,exm1,exm1_6source_shift,5,250,5000,500,184,"m1s1,m2s2",2
linear,exm1,exm1_6source_shift,5,250,5000,500,185,"m1s1,m2s2",2
linear,exm1,exm1_6source_shift,5,250,5000,500,186,"m1s1,m2s2",2
linear,exm1,exm1_6source_shift,5,250,5000,500,187,m1s1,1
linear,exm1,exm1_6source_shift,5,250,5000,500,188,"m1s1,m2s2",2
linear,exm1,exm1_6source_shift,5,250,5000,500,189,"m1s1,m2s2",2
linear,exm1,exm1_6source_shift,5,250,5000,500,190,m2s2,1
linear,exm1,exm1_6source_shift,5,250,5000,500,191,m1s1,1
linear,exm1,exm1_6source_shift,5,250,5000,500,192,m1s1,1
linear,exm1,exm1_6source_shift,5,250,5000,500,193,m2s2,1
linear,exm1,exm1_6source_shift,5,250,5000,500,194,"m1s1,m2s2",2
linear,exm1,exm1_6source_shift,5,250,5000,500,195,"m1s1,m2s2",2
linear,exm1,exm1_6source_shift,5,250,5000,500,196,"m1s1,m2s2",2
linear,exm1,exm1_6source_shift,5,250,5000,500,197,m1s1,1
linear,exm1,exm1_6source_shift,5,250,5000,500,198,"m1s1,m2s2",2
linear,exm1,exm1_6source_shift,5,250,5000,500,199,m1s1,1
linear,exm1,exm1_6source_shift,5,250,5000,500,200,m1s1,1
linear,exm1,exm1_6source_shift,5,250,5000,500,201,"m1s1,m2s2",2
linear,exm1,exm1_6source_shift,5,250,5000,500,202,"m1s1,m2s2",2
linear,exm1,exm1_6source_shift,5,250,5000,500,203,m1s1,1
linear,exm1,exm1_6source_shift,5,250,5000,500,204,"m1s1,m2s2",2
linear,exm1,exm1_6source_shift,5,250,5000,500,205,m1s1,1
linear,exm1,exm1_6source_shift,5,250,5000,500,206,m1s1,1
linear,exm1,exm1_6source_shift,5,250,5000,500,207,m1s1,1
linear,exm1,exm1_6source_shift,5,250,5000,500,208,m2s2,1
linear,exm1,exm1_6source_shift,5,250,5000,500,209,m1s1,1
linear,exm1,exm1_6source_shift,5,250,5000,500,210,"m1s1,m2s2",2
linear,exm1,exm1_6source_shift,5,250,5000,500,211,"m1s1,m2s2",2
linear,exm1,exm1_6source_shift,5,250,5000,500,212,m2s2,1
linear,exm1,exm1_6source_shift,5,250,5000,500,213,"m1s1,m2s2",2
linear,exm1,exm1_6source_shift,5,250,5000,500,214,m2s2,1
linear,exm1,exm1_6source_shift,5,250,5000,500,215,m2s2,1
linear,exm1,exm1_6source_shift,5,250,5000,500,216,"m1s1,m2s2",2
linear,exm1,exm1_6source_shift,5,250,5000,500,217,"m1s1,m2s2",2
linear,exm1,exm1_6source_shift,5,250,5000,500,218,"m1s1,m2s2",2
linear,exm1,exm1_6source_shift,5,250,5000,500,219,m2s2,1
linear,exm1,exm1_6source_shift,5,250,5000,500,220,m1s1,1
linear,exm1,exm1_6source_shift,5,250,5000,500,221,"m1s1,m2s2",2
linear,exm1,exm1_6source_shift,5,250,5000,500,222,"m1s1,m2s2",2
linear,exm1,exm1_6source_shift,5,250,5000,500,223,m2s2,1
linear,exm1,exm1_6source_shift,5,250,5000,500,224,m1s1,1
linear,exm1,exm1_6source_shift,5,250,5000,500,225,m2s2,1
linear,exm1,exm1_6source_shift,5,250,5000,500,226,"m1s1,m2s2",2
linear,exm1,exm1_6source_shift,5,250,5000,500,227,"m1s1,m2s2",2
linear,exm1,exm1_6source_shift,5,250,5000,500,228,"m1s1,m2s2",2
linear,exm1,exm1_6source_shift,5,250,5000,500,229,"m1s1,m2s2",2
linear,exm1,exm1_6source_shift,5,250,5000,500,230,"m1s1,m2s2",2
linear,exm1,exm1_6source_shift,5,250,5000,500,231,"m1s1,m2s2",2
linear,exm1,exm1_6source_shift,5,250,5000,500,232,"m1s1,m2s2",2
linear,exm1,exm1_6source_shift,5,250,5000,500,233,"m1s1,m2s2",2
linear,exm1,exm1_6source_shift,5,250,5000,500,234,m2s2,1
linear,exm1,exm1_6source_shift,5,250,5000,500,235,m1s1,1
linear,exm1,exm1_6source_shift,5,250,5000,500,236,"m1s1,m2s2,m3s3",3
linear,exm1,exm1_6source_shift,5,250,5000,500,237,m1s1,1
linear,exm1,exm1_6source_shift,5,250,5000,500,238,"m1s1,m2s2",2
linear,exm1,exm1_6source_shift,5,250,5000,500,239,m1s1,1
linear,exm1,exm1_6source_shift,5,250,5000,500,240,m2s2,1
linear,exm1,exm1_6source_shift,5,250,5000,500,241,,0
linear,exm1,exm1_6source_shift,5,250,5000,500,242,"m1s1,m2s2",2
linear,exm1,exm1_6source_shift,5,250,5000,500,243,"m1s1,m2s2",2
linear,exm1,exm1_6source_shift,5,250,5000,500,244,,0
linear,exm1,exm1_6source_shift,5,250,5000,500,245,"m1s1,m2s2",2
linear,exm1,exm1_6source_shift,5,250,5000,500,246,"m1s1,m2s2",2
linear,exm1,exm1_6source_shift,5,250,5000,500,247,m2s2,1
linear,exm1,exm1_6source_shift,5,250,5000,500,248,"m1s1,m2s2",2
linear,exm1,exm1_6source_shift,5,250,5000,500,249,"m1s1,m2s2",2
linear,exm1,exm1_6source_shift,5,250,5000,500,250,m2s2,1
linear,exm1,exm1_6source_shift,5,250,5000,500,251,"m1s1,m2s2",2
linear,exm1,exm1_6source_shift,5,250,5000,500,252,"m1s1,m2s2",2
linear,exm1,exm1_6source_shift,5,250,5000,500,253,"m1s1,m2s2",2
linear,exm1,exm1_6source_shift,5,250,5000,500,254,m2s2,1
linear,exm1,exm1_6source_shift,5,250,5000,500,255,"m1s1,m2s2",2
linear,exm1,exm1_6source_shift,5,250,5000,500,256,"m1s1,m2s2",2
linear,exm1,exm1_6source_shift,5,250,5000,500,257,m1s1,1
linear,exm1,exm1_6source_shift,5,250,5000,500,258,,0
linear,exm1,exm1_6source_shift,5,250,5000,500,259,m2s2,1
linear,exm1,exm1_6source_shift,5,250,5000,500,260,m2s2,1
linear,exm1,exm1_6source_shift,5,250,5000,500,261,"m1s1,m2s2",2
linear,exm1,exm1_6source_shift,5,250,5000,500,262,"m1s1,m2s2",2
linear,exm1,exm1_6source_shift,5,250,5000,500,263,m1s1,1
linear,exm1,exm1_6source_shift,5,250,5000,500,264,m1s1,1
linear,exm1,exm1_6source_shift,5,250,5000,500,265,"m1s1,m2s2",2
linear,exm1,exm1_6source_shift,5,250,5000,500,266,,0
linear,exm1,exm1_6source_shift,5,250,5000,500,267,"m1s1,m2s2",2
linear,exm1,exm1_6source_shift,5,250,5000,500,268,"m1s1,m2s2",2
linear,exm1,exm1_6source_shift,5,250,5000,500,269,m2s2,1
linear,exm1,exm1_6source_shift,5,250,5000,500,270,"m1s1,m2s2",2
linear,exm1,exm1_6source_shift,5,250,5000,500,271,"m1s1,m2s2",2
linear,exm1,exm1_6source_shift,5,250,5000,500,272,"m1s1,m2s2",2
linear,exm1,exm1_6source_shift,5,250,5000,500,273,"m1s1,m2s2",2
linear,exm1,exm1_6source_shift,5,250,5000,500,274,m2s2,1
linear,exm1,exm1_6source_shift,5,250,5000,500,275,m2s2,1
linear,exm1,exm1_6source_shift,5,250,5000,500,276,"m1s1,m2s2",2
linear,exm1,exm1_6source_shift,5,250,5000,500,277,m2s2,1
linear,exm1,exm1_6source_shift,5,250,5000,500,278,"m1s1,m2s2",2
linear,exm1,exm1_6source_shift,5,250,5000,500,279,"m1s1,m2s2",2
linear,exm1,exm1_6source_shift,5,250,5000,500,280,"m1s1,m2s2",2
linear,exm1,exm1_6source_shift,5,250,5000,500,281,"m1s1,m2s2",2
linear,exm1,exm1_6source_shift,5,250,5000,500,282,"m1s1,m2s2",2
linear,exm1,exm1_6source_shift,5,250,5000,500,283,"m1s1,m2s2",2
linear,exm1,exm1_6source_shift,5,250,5000,500,284,"m1s1,m2s2",2
linear,exm1,exm1_6source_shift,5,250,5000,500,285,"m1s1,m2s2",2
linear,exm1,exm1_6source_shift,5,250,5000,500,286,"m1s1,m2s2",2
linear,exm1,exm1_6source_shift,5,250,5000,500,287,,0
linear,exm1,exm1_6source_shift,5,250,5000,500,288,"m1s1,m2s2",2
linear,exm1,exm1_6source_shift,5,250,5000,500,289,m2s2,1
linear,exm1,exm1_6source_shift,5,250,5000,500,290,"m1s1,m2s2",2
linear,exm1,exm1_6source_shift,5,250,5000,500,291,m2s2,1
linear,exm1,exm1_6source_shift,5,250,5000,500,292,"m1s1,m2s2",2
linear,exm1,exm1_6source_shift,5,250,5000,500,293,m2s2,1
linear,exm1,exm1_6source_shift,5,250,5000,500,294,"m1s1,m2s2",2
linear,exm1,exm1_6source_shift,5,250,5000,500,295,"m1s1,m2s2",2
linear,exm1,exm1_6source_shift,5,250,5000,500,296,"m1s1,m2s2",2
linear,exm1,exm1_6source_shift,5,250,5000,500,297,"m1s1,m2s2",2
linear,exm1,exm1_6source_shift,5,250,5000,500,298,"m1s1,m2s2",2
linear,exm1,exm1_6source_shift,5,250,5000,500,299,"m1s1,m2s2",2
linear,exm1,exm1_6source_shift,5,250,5000,500,300,m1s1,1
linear,exm1,exm1_6source_shift,5,250,5000,500,301,"m1s1,m2s2",2
linear,exm1,exm1_6source_shift,5,250,5000,500,302,m1s1,1
linear,exm1,exm1_6source_shift,5,250,5000,500,303,m1s1,1
linear,exm1,exm1_6source_shift,5,250,5000,500,304,m2s2,1
linear,exm1,exm1_6source_shift,5,250,5000,500,305,m1s1,1
linear,exm1,exm1_6source_shift,5,250,5000,500,306,"m1s1,m2s2",2
linear,exm1,exm1_6source_shift,5,250,5000,500,307,m1s1,1
linear,exm1,exm1_6source_shift,5,250,5000,500,308,"m1s1,m2s2",2
linear,exm1,exm1_6source_shift,5,250,5000,500,309,"m1s1,m2s2",2
linear,exm1,exm1_6source_shift,5,250,5000,500,310,"m1s1,m2s2",2
linear,exm1,exm1_6source_shift,5,250,5000,500,311,m2s2,1
linear,exm1,exm1_6source_shift,5,250,5000,500,312,m1s1,1
linear,exm1,exm1_6source_shift,5,250,5000,500,313,"m1s1,m2s2",2
linear,exm1,exm1_6source_shift,5,250,5000,500,314,"m1s1,m2s2",2
linear,exm1,exm1_6source_shift,5,250,5000,500,315,"m1s1,m2s2",2
linear,exm1,exm1_6source_shift,5,250,5000,500,316,"m1s1,m2s2",2
linear,exm1,exm1_6source_shift,5,250,5000,500,317,"m1s1,m2s2",2
linear,exm1,exm1_6source_shift,5,250,5000,500,318,"m1s1,m2s2",2
linear,exm1,exm1_6source_shift,5,250,5000,500,319,m2s2,1
linear,exm1,exm1_6source_shift,5,250,5000,500,320,m1s1,1
linear,exm1,exm1_6source_shift,5,250,5000,500,321,m2s2,1
linear,exm1,exm1_6source_shift,5,250,5000,500,322,"m1s1,m2s2",2
linear,exm1,exm1_6source_shift,5,250,5000,500,323,"m1s1,m2s2",2
linear,exm1,exm1_6source_shift,5,250,5000,500,324,"m1s1,m2s2",2
linear,exm1,exm1_6source_shift,5,250,5000,500,325,m2s2,1
linear,exm1,exm1_6source_shift,5,250,5000,500,326,"m1s1,m2s2",2
linear,exm1,exm1_6source_shift,5,250,5000,500,327,"m1s1,m2s2",2
linear,exm1,exm1_6source_shift,5,250,5000,500,328,"m1s1,m2s2",2
linear,exm1,exm1_6source_shift,5,250,5000,500,329,"m1s1,m2s2",2
linear,exm1,exm1_6source_shift,5,250,5000,500,330,"m1s1,m2s2",2
linear,exm1,exm1_6source_shift,5,250,5000,500,331,"m1s1,m2s2",2
linear,exm1,exm1_6source_shift,5,250,5000,500,332,"m1s1,m2s2",2
linear,exm1,exm1_6source_shift,5,250,5000,500,333,"m1s1,m2s2",2
linear,exm1,exm1_6source_shift,5,250,5000,500,334,m2s2,1
linear,exm1,exm1_6source_shift,5,250,5000,500,335,m2s2,1
linear,exm1,exm1_6source_shift,5,250,5000,500,336,"m1s1,m2s2",2
linear,exm1,exm1_6source_shift,5,250,5000,500,337,"m1s1,m2s2",2
linear,exm1,exm1_6source_shift,5,250,5000,500,338,m2s2,1
linear,exm1,exm1_6source_shift,5,250,5000,500,339,"m1s1,m2s2",2
linear,exm1,exm1_6source_shift,5,250,5000,500,340,"m1s1,m2s2",2
linear,exm1,exm1_6source_shift,5,250,5000,500,341,"m1s1,m2s2",2
linear,exm1,exm1_6source_shift,5,250,5000,500,342,"m1s1,m2s2",2
linear,exm1,exm1_6source_shift,5,250,5000,500,343,m1s1,1
linear,exm1,exm1_6source_shift,5,250,5000,500,344,m2s2,1
linear,exm1,exm1_6source_shift,5,250,5000,500,345,"m1s1,m2s2",2
linear,exm1,exm1_6source_shift,5,250,5000,500,346,m2s2,1
linear,exm1,exm1_6source_shift,5,250,5000,500,347,"m1s1,m2s2",2
linear,exm1,exm1_6source_shift,5,250,5000,500,348,"m1s1,m2s2",2
linear,exm1,exm1_6source_shift,5,250,5000,500,349,m2s2,1
linear,exm1,exm1_6source_shift,5,250,5000,500,350,m1s1,1
linear,exm1,exm1_6source_shift,5,250,5000,500,351,m1s1,1
linear,exm1,exm1_6source_shift,5,250,5000,500,352,"m1s1,m2s2",2
linear,exm1,exm1_6source_shift,5,250,5000,500,353,m1s1,1
linear,exm1,exm1_6source_shift,5,250,5000,500,354,"m1s1,m2s2",2
linear,exm1,exm1_6source_shift,5,250,5000,500,355,m2s2,1
linear,exm1,exm1_6source_shift,5,250,5000,500,356,m2s2,1
linear,exm1,exm1_6source_shift,5,250,5000,500,357,"m1s1,m2s2",2
linear,exm1,exm1_6source_shift,5,250,5000,500,358,"m1s1,m2s2",2
linear,exm1,exm1_6source_shift,5,250,5000,500,359,m1s1,1
linear,exm1,exm1_6source_shift,5,250,5000,500,360,"m1s1,m2s2",2
linear,exm1,exm1_6source_shift,5,250,5000,500,361,"m1s1,m2s2",2
linear,exm1,exm1_6source_shift,5,250,5000,500,362,"m1s1,m2s2",2
linear,exm1,exm1_6source_shift,5,250,5000,500,363,"m1s1,m2s2",2
linear,exm1,exm1_6source_shift,5,250,5000,500,364,"m1s1,m2s2",2
linear,exm1,exm1_6source_shift,5,250,5000,500,365,m1s1,1
linear,exm1,exm1_6source_shift,5,250,5000,500,366,m1s1,1
linear,exm1,exm1_6source_shift,5,250,5000,500,367,"m1s1,m2s2",2
linear,exm1,exm1_6source_shift,5,250,5000,500,368,m2s2,1
linear,exm1,exm1_6source_shift,5,250,5000,500,369,"m1s1,m2s2",2
linear,exm1,exm1_6source_shift,5,250,5000,500,370,"m1s1,m2s2",2
linear,exm1,exm1_6source_shift,5,250,5000,500,371,m1s1,1
linear,exm1,exm1_6source_shift,5,250,5000,500,372,"m1s1,m2s2",2
linear,exm1,exm1_6source_shift,5,250,5000,500,373,m1s1,1
linear,exm1,exm1_6source_shift,5,250,5000,500,374,"m1s1,m2s2",2
linear,exm1,exm1_6source_shift,5,250,5000,500,375,m1s1,1
linear,exm1,exm1_6source_shift,5,250,5000,500,376,m2s2,1
linear,exm1,exm1_6source_shift,5,250,5000,500,377,"m1s1,m2s2",2
linear,exm1,exm1_6source_shift,5,250,5000,500,378,"m1s1,m2s2,m3s3,m4s4",4
linear,exm1,exm1_6source_shift,5,250,5000,500,379,m2s2,1
linear,exm1,exm1_6source_shift,5,250,5000,500,380,m1s1,1
linear,exm1,exm1_6source_shift,5,250,5000,500,381,m2s2,1
linear,exm1,exm1_6source_shift,5,250,5000,500,382,"m1s1,m2s2",2
linear,exm1,exm1_6source_shift,5,250,5000,500,383,m2s2,1
linear,exm1,exm1_6source_shift,5,250,5000,500,384,"m1s1,m2s2",2
linear,exm1,exm1_6source_shift,5,250,5000,500,385,m1s1,1
linear,exm1,exm1_6source_shift,5,250,5000,500,386,"m1s1,m2s2",2
linear,exm1,exm1_6source_shift,5,250,5000,500,387,"m1s1,m2s2",2
linear,exm1,exm1_6source_shift,5,250,5000,500,388,m1s1,1
linear,exm1,exm1_6source_shift,5,250,5000,500,389,,0
linear,exm1,exm1_6source_shift,5,250,5000,500,390,m2s2,1
linear,exm1,exm1_6source_shift,5,250,5000,500,391,m2s2,1
linear,exm1,exm1_6source_shift,5,250,5000,500,392,"m1s1,m2s2",2
linear,exm1,exm1_6source_shift,5,250,5000,500,393,"m1s1,m2s2,m3s3,m4s4",4
linear,exm1,exm1_6source_shift,5,250,5000,500,394,"m1s1,m2s2",2
linear,exm1,exm1_6source_shift,5,250,5000,500,395,,0
linear,exm1,exm1_6source_shift,5,250,5000,500,396,m2s2,1
linear,exm1,exm1_6source_shift,5,250,5000,500,397,m1s1,1
linear,exm1,exm1_6source_shift,5,250,5000,500,398,"m1s1,m2s2",2
linear,exm1,exm1_6source_shift,5,250,5000,500,399,m1s1,1
linear,exm1,exm1_6source_shift,5,250,5000,500,400,"m1s1,m2s2",2
linear,exm1,exm1_6source_shift,5,250,5000,500,401,m2s2,1
linear,exm1,exm1_6source_shift,5,250,5000,500,402,m1s1,1
linear,exm1,exm1_6source_shift,5,250,5000,500,403,m1s1,1
linear,exm1,exm1_6source_shift,5,250,5000,500,404,"m1s1,m2s2",2
linear,exm1,exm1_6source_shift,5,250,5000,500,405,"m1s1,m2s2",2
linear,exm1,exm1_6source_shift,5,250,5000,500,406,m1s1,1
linear,exm1,exm1_6source_shift,5,250,5000,500,407,m2s2,1
linear,exm1,exm1_6source_shift,5,250,5000,500,408,"m1s1,m2s2",2
linear,exm1,exm1_6source_shift,5,250,5000,500,409,"m1s1,m2s2",2
linear,exm1,exm1_6source_shift,5,250,5000,500,410,m2s2,1
linear,exm1,exm1_6source_shift,5,250,5000,500,411,m2s2,1
linear,exm1,exm1_6source_shift,5,250,5000,500,412,"m1s1,m2s2",2
linear,exm1,exm1_6source_shift,5,250,5000,500,413,m2s2,1
linear,exm1,exm1_6source_shift,5,250,5000,500,414,"m1s1,m2s2",2
linear,exm1,exm1_6source_shift,5,250,5000,500,415,"m1s1,m2s2",2
linear,exm1,exm1_6source_shift,5,250,5000,500,416,"m1s1,m2s2",2
linear,exm1,exm1_6source_shift,5,250,5000,500,417,m2s2,1
linear,exm1,exm1_6source_shift,5,250,5000,500,418,"m1s1,m2s2",2
linear,exm1,exm1_6source_shift,5,250,5000,500,419,m1s1,1
linear,exm1,exm1_6source_shift,5,250,5000,500,420,"m1s1,m2s2",2
linear,exm1,exm1_6source_shift,5,250,5000,500,421,m1s1,1
linear,exm1,exm1_6source_shift,5,250,5000,500,422,"m1s1,m2s2",2
linear,exm1,exm1_6source_shift,5,250,5000,500,423,"m1s1,m2s2",2
linear,exm1,exm1_6source_shift,5,250,5000,500,424,"m1s1,m2s2",2
linear,exm1,exm1_6source_shift,5,250,5000,500,425,"m1s1,m2s2",2
linear,exm1,exm1_6source_shift,5,250,5000,500,426,m1s1,1
linear,exm1,exm1_6source_shift,5,250,5000,500,427,"m1s1,m2s2",2
linear,exm1,exm1_6source_shift,5,250,5000,500,428,"m1s1,m2s2",2
linear,exm1,exm1_6source_shift,5,250,5000,500,429,m2s2,1
linear,exm1,exm1_6source_shift,5,250,5000,500,430,"m1s1,m2s2",2
linear,exm1,exm1_6source_shift,5,250,5000,500,431,"m1s1,m2s2",2
linear,exm1,exm1_6source_shift,5,250,5000,500,432,m2s2,1
linear,exm1,exm1_6source_shift,5,250,5000,500,433,m2s2,1
linear,exm1,exm1_6source_shift,5,250,5000,500,434,"m1s1,m2s2",2
linear,exm1,exm1_6source_shift,5,250,5000,500,435,"m1s1,m2s2",2
linear,exm1,exm1_6source_shift,5,250,5000,500,436,"m1s1,m2s2",2
linear,exm1,exm1_6source_shift,5,250,5000,500,437,"m1s1,m2s2",2
linear,exm1,exm1_6source_shift,5,250,5000,500,438,"m1s1,m2s2",2
linear,exm1,exm1_6source_shift,5,250,5000,500,439,"m1s1,m2s2",2
linear,exm1,exm1_6source_shift,5,250,5000,500,440,"m1s1,m2s2",2
linear,exm1,exm1_6source_shift,5,250,5000,500,441,m1s1,1
linear,exm1,exm1_6source_shift,5,250,5000,500,442,"m1s1,m2s2",2
linear,exm1,exm1_6source_shift,5,250,5000,500,443,m1s1,1
linear,exm1,exm1_6source_shift,5,250,5000,500,444,"m1s1,m2s2",2
linear,exm1,exm1_6source_shift,5,250,5000,500,445,"m1s1,m2s2",2
linear,exm1,exm1_6source_shift,5,250,5000,500,446,m2s2,1
linear,exm1,exm1_6source_shift,5,250,5000,500,447,m2s2,1
linear,exm1,exm1_6source_shift,5,250,5000,500,448,m2s2,1
linear,exm1,exm1_6source_shift,5,250,5000,500,449,m2s2,1
linear,exm1,exm1_6source_shift,5,250,5000,500,450,"m1s1,m2s2",2
linear,exm1,exm1_6source_shift,5,250,5000,500,451,m1s1,1
linear,exm1,exm1_6source_shift,5,250,5000,500,452,,0
linear,exm1,exm1_6source_shift,5,250,5000,500,453,"m1s1,m2s2",2
linear,exm1,exm1_6source_shift,5,250,5000,500,454,m1s1,1
linear,exm1,exm1_6source_shift,5,250,5000,500,455,"m1s1,m2s2",2
linear,exm1,exm1_6source_shift,5,250,5000,500,456,m2s2,1
linear,exm1,exm1_6source_shift,5,250,5000,500,457,"m1s1,m2s2",2
linear,exm1,exm1_6source_shift,5,250,5000,500,458,m1s1,1
linear,exm1,exm1_6source_shift,5,250,5000,500,459,m1s1,1
linear,exm1,exm1_6source_shift,5,250,5000,500,460,"m1s1,m2s2",2
linear,exm1,exm1_6source_shift,5,250,5000,500,461,"m1s1,m2s2",2
linear,exm1,exm1_6source_shift,5,250,5000,500,462,m2s2,1
linear,exm1,exm1_6source_shift,5,250,5000,500,463,,0
linear,exm1,exm1_6source_shift,5,250,5000,500,464,"m1s1,m2s2",2
linear,exm1,exm1_6source_shift,5,250,5000,500,465,"m1s1,m2s2",2
linear,exm1,exm1_6source_shift,5,250,5000,500,466,"m1s1,m2s2",2
linear,exm1,exm1_6source_shift,5,250,5000,500,467,m2s2,1
linear,exm1,exm1_6source_shift,5,250,5000,500,468,m1s1,1
linear,exm1,exm1_6source_shift,5,250,5000,500,469,"m1s1,m2s2",2
linear,exm1,exm1_6source_shift,5,250,5000,500,470,"m1s1,m2s2",2
linear,exm1,exm1_6source_shift,5,250,5000,500,471,m2s2,1
linear,exm1,exm1_6source_shift,5,250,5000,500,472,m2s2,1
linear,exm1,exm1_6source_shift,5,250,5000,500,473,,0
linear,exm1,exm1_6source_shift,5,250,5000,500,474,"m1s1,m2s2",2
linear,exm1,exm1_6source_shift,5,250,5000,500,475,m2s2,1
linear,exm1,exm1_6source_shift,5,250,5000,500,476,m1s1,1
linear,exm1,exm1_6source_shift,5,250,5000,500,477,m2s2,1
linear,exm1,exm1_6source_shift,5,250,5000,500,478,m2s2,1
linear,exm1,exm1_6source_shift,5,250,5000,500,479,m1s1,1
linear,exm1,exm1_6source_shift,5,250,5000,500,480,"m1s1,m2s2",2
linear,exm1,exm1_6source_shift,5,250,5000,500,481,"m1s1,m2s2",2
linear,exm1,exm1_6source_shift,5,250,5000,500,482,m1s1,1
linear,exm1,exm1_6source_shift,5,250,5000,500,483,"m1s1,m2s2",2
linear,exm1,exm1_6source_shift,5,250,5000,500,484,"m1s1,m2s2",2
linear,exm1,exm1_6source_shift,5,250,5000,500,485,"m1s1,m2s2",2
linear,exm1,exm1_6source_shift,5,250,5000,500,486,"m1s1,m2s2",2
linear,exm1,exm1_6source_shift,5,250,5000,500,487,m1s1,1
linear,exm1,exm1_6source_shift,5,250,5000,500,488,"m1s1,m2s2",2
linear,exm1,exm1_6source_shift,5,250,5000,500,489,"m1s1,m2s2",2
linear,exm1,exm1_6source_shift,5,250,5000,500,490,"m1s1,m2s2",2
linear,exm1,exm1_6source_shift,5,250,5000,500,491,"m1s1,m2s2",2
linear,exm1,exm1_6source_shift,5,250,5000,500,492,"m1s1,m2s2,m3s3,m4s4",4
linear,exm1,exm1_6source_shift,5,250,5000,500,493,"m1s1,m2s2",2
linear,exm1,exm1_6source_shift,5,250,5000,500,494,"m1s1,m2s2",2
linear,exm1,exm1_6source_shift,5,250,5000,500,495,"m1s1,m2s2",2
linear,exm1,exm1_6source_shift,5,250,5000,500,496,m1s1,1
linear,exm1,exm1_6source_shift,5,250,5000,500,497,m1s1,1
linear,exm1,exm1_6source_shift,5,250,5000,500,498,"m1s1,m2s2",2
linear,exm1,exm1_6source_shift,5,250,5000,500,499,m1s1,1
linear,exm1,exm1_6source_shift,5,250,5000,500,500,,0
